prezime,ime,datum_rodjenja,adresa,fotografija
Klapuh,Amer,1995-04-26,"Grbavicka 8",Klapuh.jpg
Karic,Mirza,1995-04-21,"Dzemala Bijedica 19",Karic.jpg
Ibrahimovic,Kenan,1995-08-06,"Bistrik basamaci 21",Ibrahimovic.jpg
Kodzaga,Amer,1995-05-05,"Sarajevska 1",raspored2016.jpg
Kodzaga,Amer,1994-05-05,"Sarajevska 1",rasp2.jpg
Kodzaga,Amer,1994-06-06,"Sarajevska 1",rasp1.jpg
Kodzaga,Amer,1994-09-09,"Sarajevska 1",raspored2.jpg
Kodzaga,Amer,1994-05-05,"Sarajevska 1",raspored.jpg
Kodzaga,Amer,1994-05-05,"Sarajevska 1",12670417_788384924621543_2560410331585607199_n.jpg
Kodzaga,Amer,1994-04-04,"Sarajevska 1",1_11_11_11.jpg
Kodzaga,Amer,1994-05-05,"Sarajevska 1",download.png
